timestamp,device_id,heartbeat,baseline,diff,current_turn
1788167880829,watch1,79.0,75.36363636363636,3.6363636363636402,watch1
1788167880829,watch2,76.0,74.66666666666667,1.3333333333333286,watch1
1788167880829,watch3,80.0,76.25,3.75,watch1
1788167880829,watch4,77.0,79.83333333333333,-2.8333333333333286,watch1
1788167881854,watch1,79.0,75.36363636363636,3.6363636363636402,watch1
1788167881854,watch2,76.0,74.66666666666667,1.3333333333333286,watch1
1788167881854,watch3,80.0,76.25,3.75,watch1
1788167881854,watch4,77.0,79.83333333333333,-2.8333333333333286,watch1
1788167882856,watch1,79.0,75.36363636363636,3.6363636363636402,watch1
1788167882856,watch2,76.0,74.66666666666667,1.3333333333333286,watch1
1788167882856,watch3,80.0,76.25,3.75,watch1
1788167882856,watch4,76.0,79.83333333333333,-3.8333333333333286,watch1
1788167883858,watch1,79.0,75.36363636363636,3.6363636363636402,watch1
1788167883858,watch2,76.0,74.66666666666667,1.3333333333333286,watch1
1788167883858,watch3,80.0,76.25,3.75,watch1
1788167883858,watch4,77.0,79.83333333333333,-2.8333333333333286,watch1
1788167884904,watch1,79.0,75.36363636363636,3.6363636363636402,watch1
1788167884904,watch2,76.0,74.66666666666667,1.3333333333333286,watch1
1788167884904,watch3,80.0,76.25,3.75,watch1
1788167884904,watch4,77.0,79.83333333333333,-2.8333333333333286,watch1
1788167885945,watch1,79.0,75.36363636363636,3.6363636363636402,watch1
1788167885945,watch2,76.0,74.66666666666667,1.3333333333333286,watch1
1788167885945,watch3,80.0,76.25,3.75,watch1
1788167885945,watch4,77.0,79.83333333333333,-2.8333333333333286,watch1
1788167886981,watch1,79.0,75.36363636363636,3.6363636363636402,watch1
1788167886981,watch2,76.0,74.66666666666667,1.3333333333333286,watch1
1788167886981,watch3,80.0,76.25,3.75,watch1
1788167886981,watch4,77.0,79.83333333333333,-2.8333333333333286,watch1
1788167887997,watch1,79.0,75.36363636363636,3.6363636363636402,watch1
1788167887997,watch2,76.0,74.66666666666667,1.3333333333333286,watch1
1788167887997,watch3,80.0,76.25,3.75,watch1
1788167887997,watch4,77.0,79.83333333333333,-2.8333333333333286,watch1
1788167889019,watch1,79.0,75.36363636363636,3.6363636363636402,watch1
1788167889019,watch2,76.0,74.66666666666667,1.3333333333333286,watch1
1788167889019,watch3,80.0,76.25,3.75,watch1
1788167889019,watch4,77.0,79.83333333333333,-2.8333333333333286,watch1
1788167890038,watch1,79.0,75.36363636363636,3.6363636363636402,watch1
1788167890038,watch2,76.0,74.66666666666667,1.3333333333333286,watch1
1788167890038,watch3,80.0,76.25,3.75,watch1
1788167890038,watch4,77.0,79.83333333333333,-2.8333333333333286,watch1
1788167891055,watch1,79.0,75.36363636363636,3.6363636363636402,watch1
1788167891055,watch2,76.0,74.66666666666667,1.3333333333333286,watch1
1788167891055,watch3,80.0,76.25,3.75,watch1
1788167891055,watch4,77.0,79.83333333333333,-2.8333333333333286,watch1
1788167892057,watch1,79.0,75.36363636363636,3.6363636363636402,watch1
1788167892057,watch2,76.0,74.66666666666667,1.3333333333333286,watch1
1788167892057,watch3,80.0,76.25,3.75,watch1
1788167892057,watch4,79.0,79.83333333333333,-0.8333333333333286,watch1
1788167893080,watch1,79.0,75.36363636363636,3.6363636363636402,watch1
1788167893080,watch2,76.0,74.66666666666667,1.3333333333333286,watch1
1788167893080,watch3,80.0,76.25,3.75,watch1
1788167893080,watch4,79.0,79.83333333333333,-0.8333333333333286,watch1
1788167894082,watch1,79.0,75.36363636363636,3.6363636363636402,watch1
1788167894082,watch2,76.0,74.66666666666667,1.3333333333333286,watch1
1788167894082,watch3,80.0,76.25,3.75,watch1
1788167894082,watch4,82.0,79.83333333333333,2.1666666666666714,watch1
1788167895103,watch1,79.0,75.36363636363636,3.6363636363636402,watch1
1788167895103,watch2,76.0,74.66666666666667,1.3333333333333286,watch1
1788167895103,watch3,80.0,76.25,3.75,watch1
1788167895103,watch4,82.0,79.83333333333333,2.1666666666666714,watch1
1788167896121,watch1,79.0,75.36363636363636,3.6363636363636402,watch1
1788167896121,watch2,76.0,74.66666666666667,1.3333333333333286,watch1
1788167896121,watch3,80.0,76.25,3.75,watch1
1788167896121,watch4,82.0,79.83333333333333,2.1666666666666714,watch1
1788167897123,watch1,79.0,75.36363636363636,3.6363636363636402,watch1
1788167897123,watch2,76.0,74.66666666666667,1.3333333333333286,watch1
1788167897123,watch3,80.0,76.25,3.75,watch1
1788167897123,watch4,83.0,79.83333333333333,3.1666666666666714,watch1
1788167898158,watch1,79.0,75.36363636363636,3.6363636363636402,watch1
1788167898158,watch2,76.0,74.66666666666667,1.3333333333333286,watch1
1788167898158,watch3,80.0,76.25,3.75,watch1
1788167898158,watch4,83.0,79.83333333333333,3.1666666666666714,watch1
1788167899162,watch1,79.0,75.36363636363636,3.6363636363636402,watch1
1788167899162,watch2,76.0,74.66666666666667,1.3333333333333286,watch1
1788167899162,watch3,80.0,76.25,3.75,watch1
1788167899162,watch4,84.0,79.83333333333333,4.166666666666671,watch1
1788167900165,watch1,79.0,75.36363636363636,3.6363636363636402,watch1
1788167900165,watch2,76.0,74.66666666666667,1.3333333333333286,watch1
1788167900165,watch3,80.0,76.25,3.75,watch1
1788167900165,watch4,85.0,79.83333333333333,5.166666666666671,watch1
1788167901177,watch1,79.0,75.36363636363636,3.6363636363636402,watch1
1788167901177,watch2,76.0,74.66666666666667,1.3333333333333286,watch1
1788167901177,watch3,80.0,76.25,3.75,watch1
1788167901177,watch4,85.0,79.83333333333333,5.166666666666671,watch1
1788167902198,watch1,79.0,75.36363636363636,3.6363636363636402,watch1
1788167902198,watch2,76.0,74.66666666666667,1.3333333333333286,watch1
1788167902198,watch3,80.0,76.25,3.75,watch1
1788167902198,watch4,85.0,79.83333333333333,5.166666666666671,watch1
1788167903216,watch1,79.0,75.36363636363636,3.6363636363636402,watch1
1788167903216,watch2,76.0,74.66666666666667,1.3333333333333286,watch1
1788167903216,watch3,80.0,76.25,3.75,watch1
1788167903216,watch4,85.0,79.83333333333333,5.166666666666671,watch1
1788167904265,watch1,79.0,75.36363636363636,3.6363636363636402,watch1
1788167904265,watch2,76.0,74.66666666666667,1.3333333333333286,watch1
1788167904265,watch3,78.0,76.25,1.75,watch1
1788167904265,watch4,78.0,79.83333333333333,-1.8333333333333286,watch1
1788167905269,watch1,79.0,75.36363636363636,3.6363636363636402,watch1
1788167905269,watch2,76.0,74.66666666666667,1.3333333333333286,watch1
1788167905269,watch3,79.0,76.25,2.75,watch1
1788167905269,watch4,76.0,79.83333333333333,-3.8333333333333286,watch1
1788167906314,watch1,79.0,75.36363636363636,3.6363636363636402,watch1
1788167906314,watch2,76.0,74.66666666666667,1.3333333333333286,watch1
1788167906314,watch3,79.0,76.25,2.75,watch1
1788167906314,watch4,75.0,79.83333333333333,-4.833333333333329,watch1
1788167907316,watch1,79.0,75.36363636363636,3.6363636363636402,watch1
1788167907316,watch2,76.0,74.66666666666667,1.3333333333333286,watch1
1788167907316,watch3,79.0,76.25,2.75,watch1
1788167907316,watch4,75.0,79.83333333333333,-4.833333333333329,watch1
1788167908318,watch1,79.0,75.36363636363636,3.6363636363636402,watch1
1788167908318,watch2,76.0,74.66666666666667,1.3333333333333286,watch1
1788167908318,watch3,79.0,76.25,2.75,watch1
1788167908318,watch4,75.0,79.83333333333333,-4.833333333333329,watch1
1788167909320,watch1,79.0,75.36363636363636,3.6363636363636402,watch1
1788167909320,watch2,76.0,74.66666666666667,1.3333333333333286,watch1
1788167909320,watch3,78.0,76.25,1.75,watch1
1788167909320,watch4,75.0,79.83333333333333,-4.833333333333329,watch1
1788167910322,watch1,79.0,75.36363636363636,3.6363636363636402,watch1
1788167910322,watch2,76.0,74.66666666666667,1.3333333333333286,watch1
1788167910322,watch3,78.0,76.25,1.75,watch1
1788167910322,watch4,75.0,79.83333333333333,-4.833333333333329,watch1
1788167911324,watch1,79.0,75.36363636363636,3.6363636363636402,watch1
1788167911324,watch2,76.0,74.66666666666667,1.3333333333333286,watch1
1788167911324,watch3,78.0,76.25,1.75,watch1
1788167911324,watch4,75.0,79.83333333333333,-4.833333333333329,watch1
1788167912327,watch1,79.0,75.36363636363636,3.6363636363636402,watch1
1788167912327,watch2,76.0,74.66666666666667,1.3333333333333286,watch1
1788167912327,watch3,77.0,76.25,0.75,watch1
1788167912327,watch4,75.0,79.83333333333333,-4.833333333333329,watch1
1788167913332,watch1,79.0,75.36363636363636,3.6363636363636402,watch1
1788167913332,watch2,76.0,74.66666666666667,1.3333333333333286,watch1
1788167913332,watch3,76.0,76.25,-0.25,watch1
1788167913332,watch4,75.0,79.83333333333333,-4.833333333333329,watch1
1788167914336,watch1,79.0,75.36363636363636,3.6363636363636402,watch1
1788167914336,watch2,76.0,74.66666666666667,1.3333333333333286,watch1
1788167914336,watch3,75.0,76.25,-1.25,watch1
1788167914336,watch4,75.0,79.83333333333333,-4.833333333333329,watch1
1788167915339,watch1,79.0,75.36363636363636,3.6363636363636402,watch1
1788167915339,watch2,76.0,74.66666666666667,1.3333333333333286,watch1
1788167915339,watch3,75.0,76.25,-1.25,watch1
1788167915339,watch4,73.0,79.83333333333333,-6.833333333333329,watch1
1788167916341,watch1,79.0,75.36363636363636,3.6363636363636402,watch1
1788167916341,watch2,76.0,74.66666666666667,1.3333333333333286,watch1
1788167916341,watch3,73.0,76.25,-3.25,watch1
1788167916341,watch4,72.0,79.83333333333333,-7.833333333333329,watch1
1788167917343,watch1,79.0,75.36363636363636,3.6363636363636402,watch1
1788167917343,watch2,76.0,74.66666666666667,1.3333333333333286,watch1
1788167917343,watch3,78.0,76.25,1.75,watch1
1788167917343,watch4,72.0,79.83333333333333,-7.833333333333329,watch1
1788167918345,watch1,79.0,75.36363636363636,3.6363636363636402,watch2
1788167918345,watch2,76.0,74.66666666666667,1.3333333333333286,watch2
1788167918345,watch3,77.0,76.25,0.75,watch2
1788167918345,watch4,72.0,79.83333333333333,-7.833333333333329,watch2
1788167919368,watch1,79.0,75.36363636363636,3.6363636363636402,watch2
1788167919368,watch2,76.0,74.66666666666667,1.3333333333333286,watch2
1788167919368,watch3,73.0,76.25,-3.25,watch2
1788167919368,watch4,73.0,79.83333333333333,-6.833333333333329,watch2
1788167920370,watch1,79.0,75.36363636363636,3.6363636363636402,watch2
1788167920370,watch2,76.0,74.66666666666667,1.3333333333333286,watch2
1788167920370,watch3,73.0,76.25,-3.25,watch2
1788167920370,watch4,73.0,79.83333333333333,-6.833333333333329,watch2
1788167921372,watch1,79.0,75.36363636363636,3.6363636363636402,watch2
1788167921372,watch2,76.0,74.66666666666667,1.3333333333333286,watch2
1788167921372,watch3,73.0,76.25,-3.25,watch2
1788167921372,watch4,73.0,79.83333333333333,-6.833333333333329,watch2
1788167922452,watch1,79.0,75.36363636363636,3.6363636363636402,watch3
1788167922452,watch2,76.0,74.66666666666667,1.3333333333333286,watch3
1788167922452,watch3,73.0,76.25,-3.25,watch3
1788167922452,watch4,74.0,79.83333333333333,-5.833333333333329,watch3
1788167923459,watch1,79.0,75.36363636363636,3.6363636363636402,watch3
1788167923459,watch2,76.0,74.66666666666667,1.3333333333333286,watch3
1788167923459,watch3,72.0,76.25,-4.25,watch3
1788167923459,watch4,73.0,79.83333333333333,-6.833333333333329,watch3
1788167924464,watch1,79.0,75.36363636363636,3.6363636363636402,watch3
1788167924464,watch2,76.0,74.66666666666667,1.3333333333333286,watch3
1788167924464,watch3,72.0,76.25,-4.25,watch3
1788167924464,watch4,73.0,79.83333333333333,-6.833333333333329,watch3
1788167925869,watch1,79.0,75.36363636363636,3.6363636363636402,watch3
1788167925869,watch2,76.0,74.66666666666667,1.3333333333333286,watch3
1788167925869,watch3,72.0,76.25,-4.25,watch3
1788167925869,watch4,73.0,79.83333333333333,-6.833333333333329,watch3
1788167926893,watch1,79.0,75.36363636363636,3.6363636363636402,watch3
1788167926893,watch2,76.0,74.66666666666667,1.3333333333333286,watch3
1788167926893,watch3,71.0,76.25,-5.25,watch3
1788167926893,watch4,73.0,79.83333333333333,-6.833333333333329,watch3
1788167927916,watch1,79.0,75.36363636363636,3.6363636363636402,watch3
1788167927916,watch2,76.0,74.66666666666667,1.3333333333333286,watch3
1788167927916,watch3,71.0,76.25,-5.25,watch3
1788167927916,watch4,72.0,79.83333333333333,-7.833333333333329,watch3
1788167928934,watch1,79.0,75.36363636363636,3.6363636363636402,watch3
1788167928934,watch2,77.0,74.66666666666667,2.3333333333333286,watch3
1788167928934,watch3,71.0,76.25,-5.25,watch3
1788167928934,watch4,71.0,79.83333333333333,-8.833333333333329,watch3
1788167930038,watch1,79.0,75.36363636363636,3.6363636363636402,watch3
1788167930038,watch2,77.0,74.66666666666667,2.3333333333333286,watch3
1788167930038,watch3,71.0,76.25,-5.25,watch3
1788167930038,watch4,71.0,79.83333333333333,-8.833333333333329,watch3
1788167931045,watch1,70.0,75.36363636363636,-5.36363636363636,watch3
1788167931045,watch2,77.0,74.66666666666667,2.3333333333333286,watch3
1788167931045,watch3,70.0,76.25,-6.25,watch3
1788167931045,watch4,71.0,79.83333333333333,-8.833333333333329,watch3
1788167932048,watch1,70.0,75.36363636363636,-5.36363636363636,watch3
1788167932048,watch2,77.0,74.66666666666667,2.3333333333333286,watch3
1788167932048,watch3,70.0,76.25,-6.25,watch3
1788167932048,watch4,68.0,79.83333333333333,-11.833333333333329,watch3
1788167933050,watch1,70.0,75.36363636363636,-5.36363636363636,watch3
1788167933050,watch2,76.0,74.66666666666667,1.3333333333333286,watch3
1788167933050,watch3,70.0,76.25,-6.25,watch3
1788167933050,watch4,68.0,79.83333333333333,-11.833333333333329,watch3
1788167934052,watch1,70.0,75.36363636363636,-5.36363636363636,watch3
1788167934052,watch2,76.0,74.66666666666667,1.3333333333333286,watch3
1788167934052,watch3,69.0,76.25,-7.25,watch3
1788167934052,watch4,68.0,79.83333333333333,-11.833333333333329,watch3
1788167935058,watch1,70.0,75.36363636363636,-5.36363636363636,watch3
1788167935058,watch2,77.0,74.66666666666667,2.3333333333333286,watch3
1788167935058,watch3,70.0,76.25,-6.25,watch3
1788167935058,watch4,68.0,79.83333333333333,-11.833333333333329,watch3
1788167941272,watch1,70.0,75.36363636363636,-5.36363636363636,watch1
1788167941272,watch2,77.0,74.66666666666667,2.3333333333333286,watch1
1788167941272,watch3,70.0,76.25,-6.25,watch1
1788167941272,watch4,68.0,79.83333333333333,-11.833333333333329,watch1
1788167943534,watch1,70.0,75.36363636363636,-5.36363636363636,watch2
1788167943534,watch2,78.0,74.66666666666667,3.3333333333333286,watch2
1788167943534,watch3,71.0,76.25,-5.25,watch2
1788167943534,watch4,75.0,79.83333333333333,-4.833333333333329,watch2
1788167944538,watch1,70.0,75.36363636363636,-5.36363636363636,watch2
1788167944538,watch2,79.0,74.66666666666667,4.333333333333329,watch2
1788167944538,watch3,71.0,76.25,-5.25,watch2
1788167944538,watch4,71.0,79.83333333333333,-8.833333333333329,watch2
1788167945557,watch1,71.0,75.36363636363636,-4.36363636363636,watch2
1788167945557,watch2,79.0,74.66666666666667,4.333333333333329,watch2
1788167945557,watch3,70.0,76.25,-6.25,watch2
1788167945557,watch4,70.0,79.83333333333333,-9.833333333333329,watch2
1788167946564,watch1,71.0,75.36363636363636,-4.36363636363636,watch3
1788167946564,watch2,79.0,74.66666666666667,4.333333333333329,watch3
1788167946564,watch3,70.0,76.25,-6.25,watch3
1788167946564,watch4,69.0,79.83333333333333,-10.833333333333329,watch3
1788167947567,watch1,70.0,75.36363636363636,-5.36363636363636,watch3
1788167947567,watch2,79.0,74.66666666666667,4.333333333333329,watch3
1788167947567,watch3,70.0,76.25,-6.25,watch3
1788167947567,watch4,69.0,79.83333333333333,-10.833333333333329,watch3
1788167948571,watch1,70.0,75.36363636363636,-5.36363636363636,watch4
1788167948571,watch2,79.0,74.66666666666667,4.333333333333329,watch4
1788167948571,watch3,70.0,76.25,-6.25,watch4
1788167948571,watch4,69.0,79.83333333333333,-10.833333333333329,watch4
1788167949575,watch1,70.0,75.36363636363636,-5.36363636363636,watch4
1788167949575,watch2,79.0,74.66666666666667,4.333333333333329,watch4
1788167949575,watch3,70.0,76.25,-6.25,watch4
1788167949575,watch4,70.0,79.83333333333333,-9.833333333333329,watch4
1788167950577,watch1,70.0,75.36363636363636,-5.36363636363636,watch1
1788167950577,watch2,79.0,74.66666666666667,4.333333333333329,watch1
1788167950577,watch3,70.0,76.25,-6.25,watch1
1788167950577,watch4,70.0,79.83333333333333,-9.833333333333329,watch1
1788167951623,watch1,71.0,75.36363636363636,-4.36363636363636,watch1
1788167951623,watch2,79.0,74.66666666666667,4.333333333333329,watch1
1788167951623,watch3,71.0,76.25,-5.25,watch1
1788167951623,watch4,71.0,79.83333333333333,-8.833333333333329,watch1
1788167952626,watch1,71.0,75.36363636363636,-4.36363636363636,watch1
1788167952626,watch2,80.0,74.66666666666667,5.333333333333329,watch1
1788167952626,watch3,71.0,76.25,-5.25,watch1
1788167952626,watch4,71.0,79.83333333333333,-8.833333333333329,watch1
1788167953628,watch1,70.0,75.36363636363636,-5.36363636363636,watch1
1788167953628,watch2,80.0,74.66666666666667,5.333333333333329,watch1
1788167953628,watch3,71.0,76.25,-5.25,watch1
1788167953628,watch4,71.0,79.83333333333333,-8.833333333333329,watch1
1788167954631,watch1,70.0,75.36363636363636,-5.36363636363636,watch1
1788167954631,watch2,80.0,74.66666666666667,5.333333333333329,watch1
1788167954631,watch3,71.0,76.25,-5.25,watch1
1788167954631,watch4,71.0,79.83333333333333,-8.833333333333329,watch1
1788167955639,watch1,70.0,75.36363636363636,-5.36363636363636,watch1
1788167955639,watch2,80.0,74.66666666666667,5.333333333333329,watch1
1788167955639,watch3,71.0,76.25,-5.25,watch1
1788167955639,watch4,71.0,79.83333333333333,-8.833333333333329,watch1
1788167956642,watch1,70.0,75.36363636363636,-5.36363636363636,watch1
1788167956642,watch2,79.0,74.66666666666667,4.333333333333329,watch1
1788167956642,watch3,71.0,76.25,-5.25,watch1
1788167956642,watch4,72.0,79.83333333333333,-7.833333333333329,watch1
1788167957644,watch1,70.0,75.36363636363636,-5.36363636363636,watch1
1788167957644,watch2,79.0,74.66666666666667,4.333333333333329,watch1
1788167957644,watch3,71.0,76.25,-5.25,watch1
1788167957644,watch4,72.0,79.83333333333333,-7.833333333333329,watch1
1788167958647,watch1,71.0,75.36363636363636,-4.36363636363636,watch1
1788167958647,watch2,78.0,74.66666666666667,3.3333333333333286,watch1
1788167958647,watch3,71.0,76.25,-5.25,watch1
1788167958647,watch4,72.0,79.83333333333333,-7.833333333333329,watch1
1788167959649,watch1,71.0,75.36363636363636,-4.36363636363636,watch1
1788167959649,watch2,78.0,74.66666666666667,3.3333333333333286,watch1
1788167959649,watch3,71.0,76.25,-5.25,watch1
1788167959649,watch4,72.0,79.83333333333333,-7.833333333333329,watch1
1788167960652,watch1,72.0,75.36363636363636,-3.3636363636363598,watch1
1788167960652,watch2,76.0,74.66666666666667,1.3333333333333286,watch1
1788167960652,watch3,72.0,76.25,-4.25,watch1
1788167960652,watch4,73.0,79.83333333333333,-6.833333333333329,watch1
1788167961655,watch1,72.0,75.36363636363636,-3.3636363636363598,watch1
1788167961655,watch2,76.0,74.66666666666667,1.3333333333333286,watch1
1788167961655,watch3,72.0,76.25,-4.25,watch1
1788167961655,watch4,73.0,79.83333333333333,-6.833333333333329,watch1
1788167962692,watch1,72.0,75.36363636363636,-3.3636363636363598,watch1
1788167962692,watch2,76.0,74.66666666666667,1.3333333333333286,watch1
1788167962692,watch3,72.0,76.25,-4.25,watch1
1788167962692,watch4,73.0,79.83333333333333,-6.833333333333329,watch1
1788167963696,watch1,72.0,75.36363636363636,-3.3636363636363598,watch1
1788167963696,watch2,76.0,74.66666666666667,1.3333333333333286,watch1
1788167963696,watch3,73.0,76.25,-3.25,watch1
1788167963696,watch4,73.0,79.83333333333333,-6.833333333333329,watch1
1788167964698,watch1,73.0,75.36363636363636,-2.3636363636363598,watch1
1788167964698,watch2,76.0,74.66666666666667,1.3333333333333286,watch1
1788167964698,watch3,73.0,76.25,-3.25,watch1
1788167964698,watch4,75.0,79.83333333333333,-4.833333333333329,watch1
1788167965700,watch1,73.0,75.36363636363636,-2.3636363636363598,watch1
1788167965700,watch2,76.0,74.66666666666667,1.3333333333333286,watch1
1788167965700,watch3,73.0,76.25,-3.25,watch1
1788167965700,watch4,74.0,79.83333333333333,-5.833333333333329,watch1
1788167966703,watch1,73.0,75.36363636363636,-2.3636363636363598,watch1
1788167966703,watch2,76.0,74.66666666666667,1.3333333333333286,watch1
1788167966703,watch3,73.0,76.25,-3.25,watch1
1788167966703,watch4,74.0,79.83333333333333,-5.833333333333329,watch1
1788167967786,watch1,73.0,75.36363636363636,-2.3636363636363598,watch1
1788167967786,watch2,75.0,74.66666666666667,0.3333333333333286,watch1
1788167967786,watch3,72.0,76.25,-4.25,watch1
1788167967786,watch4,73.0,79.83333333333333,-6.833333333333329,watch1
1788167968804,watch1,73.0,75.36363636363636,-2.3636363636363598,watch1
1788167968804,watch2,75.0,74.66666666666667,0.3333333333333286,watch1
1788167968804,watch3,72.0,76.25,-4.25,watch1
1788167968804,watch4,72.0,79.83333333333333,-7.833333333333329,watch1
1788167969806,watch1,73.0,75.36363636363636,-2.3636363636363598,watch1
1788167969806,watch2,74.0,74.66666666666667,-0.6666666666666714,watch1
1788167969806,watch3,71.0,76.25,-5.25,watch1
1788167969806,watch4,71.0,79.83333333333333,-8.833333333333329,watch1
1788167972773,watch1,72.0,75.36363636363636,-3.3636363636363598,watch1
1788167972773,watch2,74.0,74.66666666666667,-0.6666666666666714,watch1
1788167972773,watch3,71.0,76.25,-5.25,watch1
1788167972773,watch4,71.0,79.83333333333333,-8.833333333333329,watch1
1788167984916,watch1,70.0,75.36363636363636,-5.36363636363636,watch1
1788167984916,watch2,75.0,74.66666666666667,0.3333333333333286,watch1
1788167984916,watch3,71.0,76.25,-5.25,watch1
1788167984916,watch4,69.0,79.83333333333333,-10.833333333333329,watch1
1788167985928,watch1,70.0,75.36363636363636,-5.36363636363636,watch1
1788167985928,watch2,75.0,74.66666666666667,0.3333333333333286,watch1
1788167985928,watch3,72.0,76.25,-4.25,watch1
1788167985928,watch4,70.0,79.83333333333333,-9.833333333333329,watch1
1788167986931,watch1,71.0,75.36363636363636,-4.36363636363636,watch1
1788167986931,watch2,75.0,74.66666666666667,0.3333333333333286,watch1
1788167986931,watch3,72.0,76.25,-4.25,watch1
1788167986931,watch4,71.0,79.83333333333333,-8.833333333333329,watch1
1788167987933,watch1,70.0,75.36363636363636,-5.36363636363636,watch1
1788167987933,watch2,75.0,74.66666666666667,0.3333333333333286,watch1
1788167987933,watch3,72.0,76.25,-4.25,watch1
1788167987933,watch4,71.0,79.83333333333333,-8.833333333333329,watch1
1788167988936,watch1,70.0,75.36363636363636,-5.36363636363636,watch1
1788167988936,watch2,75.0,74.66666666666667,0.3333333333333286,watch1
1788167988936,watch3,72.0,76.25,-4.25,watch1
1788167988936,watch4,71.0,79.83333333333333,-8.833333333333329,watch1
1788167989941,watch1,70.0,75.36363636363636,-5.36363636363636,watch1
1788167989941,watch2,75.0,74.66666666666667,0.3333333333333286,watch1
1788167989941,watch3,73.0,76.25,-3.25,watch1
1788167989941,watch4,70.0,79.83333333333333,-9.833333333333329,watch1
1788167990944,watch1,70.0,75.36363636363636,-5.36363636363636,watch1
1788167990944,watch2,75.0,74.66666666666667,0.3333333333333286,watch1
1788167990944,watch3,71.0,76.25,-5.25,watch1
1788167990944,watch4,70.0,79.83333333333333,-9.833333333333329,watch1
1788167991948,watch1,69.0,75.36363636363636,-6.36363636363636,watch1
1788167991948,watch2,75.0,74.66666666666667,0.3333333333333286,watch1
1788167991948,watch3,70.0,76.25,-6.25,watch1
1788167991948,watch4,70.0,79.83333333333333,-9.833333333333329,watch1
1788167992951,watch1,69.0,75.36363636363636,-6.36363636363636,watch1
1788167992951,watch2,76.0,74.66666666666667,1.3333333333333286,watch1
1788167992951,watch3,70.0,76.25,-6.25,watch1
1788167992951,watch4,67.0,79.83333333333333,-12.833333333333329,watch1
1788167993954,watch1,68.0,75.36363636363636,-7.36363636363636,watch1
1788167993954,watch2,76.0,74.66666666666667,1.3333333333333286,watch1
1788167993954,watch3,69.0,76.25,-7.25,watch1
1788167993954,watch4,67.0,79.83333333333333,-12.833333333333329,watch1
1788167994956,watch1,68.0,75.36363636363636,-7.36363636363636,watch1
1788167994956,watch2,75.0,74.66666666666667,0.3333333333333286,watch1
1788167994956,watch3,69.0,76.25,-7.25,watch1
1788167994956,watch4,66.0,79.83333333333333,-13.833333333333329,watch1
1788167995972,watch1,68.0,75.36363636363636,-7.36363636363636,watch1
1788167995972,watch2,75.0,74.66666666666667,0.3333333333333286,watch1
1788167995972,watch3,69.0,76.25,-7.25,watch1
1788167995972,watch4,66.0,79.83333333333333,-13.833333333333329,watch1
1788167996975,watch1,67.0,75.36363636363636,-8.36363636363636,watch1
1788167996975,watch2,75.0,74.66666666666667,0.3333333333333286,watch1
1788167996975,watch3,69.0,76.25,-7.25,watch1
1788167996975,watch4,66.0,79.83333333333333,-13.833333333333329,watch1
1788167997978,watch1,67.0,75.36363636363636,-8.36363636363636,watch1
1788167997978,watch2,75.0,74.66666666666667,0.3333333333333286,watch1
1788167997978,watch3,69.0,76.25,-7.25,watch1
1788167997978,watch4,67.0,79.83333333333333,-12.833333333333329,watch1
1788167998980,watch1,67.0,75.36363636363636,-8.36363636363636,watch1
1788167998980,watch2,75.0,74.66666666666667,0.3333333333333286,watch1
1788167998980,watch3,69.0,76.25,-7.25,watch1
1788167998980,watch4,68.0,79.83333333333333,-11.833333333333329,watch1
1788167999983,watch1,67.0,75.36363636363636,-8.36363636363636,watch1
1788167999983,watch2,75.0,74.66666666666667,0.3333333333333286,watch1
1788167999983,watch3,69.0,76.25,-7.25,watch1
1788167999983,watch4,68.0,79.83333333333333,-11.833333333333329,watch1
1788168000987,watch1,67.0,75.36363636363636,-8.36363636363636,watch1
1788168000987,watch2,75.0,74.66666666666667,0.3333333333333286,watch1
1788168000987,watch3,69.0,76.25,-7.25,watch1
1788168000987,watch4,67.0,79.83333333333333,-12.833333333333329,watch1
1788168001990,watch1,67.0,75.36363636363636,-8.36363636363636,watch1
1788168001990,watch2,75.0,74.66666666666667,0.3333333333333286,watch1
1788168001990,watch3,69.0,76.25,-7.25,watch1
1788168001990,watch4,67.0,79.83333333333333,-12.833333333333329,watch1
1788168002993,watch1,67.0,75.36363636363636,-8.36363636363636,watch1
1788168002993,watch2,75.0,74.66666666666667,0.3333333333333286,watch1
1788168002993,watch3,68.0,76.25,-8.25,watch1
1788168002993,watch4,67.0,79.83333333333333,-12.833333333333329,watch1
1788168004009,watch1,67.0,75.36363636363636,-8.36363636363636,watch1
1788168004009,watch2,75.0,74.66666666666667,0.3333333333333286,watch1
1788168004009,watch3,68.0,76.25,-8.25,watch1
1788168004009,watch4,67.0,79.83333333333333,-12.833333333333329,watch1
1788168005013,watch1,67.0,75.36363636363636,-8.36363636363636,watch1
1788168005013,watch2,75.0,74.66666666666667,0.3333333333333286,watch1
1788168005013,watch3,69.0,76.25,-7.25,watch1
1788168005013,watch4,68.0,79.83333333333333,-11.833333333333329,watch1
1788168007571,watch1,67.0,75.36363636363636,-8.36363636363636,watch1
1788168007571,watch2,75.0,74.66666666666667,0.3333333333333286,watch1
1788168007571,watch3,68.0,76.25,-8.25,watch1
1788168007571,watch4,68.0,79.83333333333333,-11.833333333333329,watch1
1788168009167,watch1,67.0,75.36363636363636,-8.36363636363636,watch1
1788168009167,watch2,75.0,74.66666666666667,0.3333333333333286,watch1
1788168009167,watch3,69.0,76.25,-7.25,watch1
1788168009167,watch4,68.0,79.83333333333333,-11.833333333333329,watch1
1788168010202,watch1,70.0,75.36363636363636,-5.36363636363636,watch1
1788168010202,watch2,75.0,74.66666666666667,0.3333333333333286,watch1
1788168010202,watch3,69.0,76.25,-7.25,watch1
1788168010202,watch4,68.0,79.83333333333333,-11.833333333333329,watch1
1788168011206,watch1,70.0,75.36363636363636,-5.36363636363636,watch1
1788168011206,watch2,75.0,74.66666666666667,0.3333333333333286,watch1
1788168011206,watch3,70.0,76.25,-6.25,watch1
1788168011206,watch4,68.0,79.83333333333333,-11.833333333333329,watch1
1788168012487,watch1,70.0,75.36363636363636,-5.36363636363636,watch1
1788168012487,watch2,75.0,74.66666666666667,0.3333333333333286,watch1
1788168012487,watch3,70.0,76.25,-6.25,watch1
1788168012487,watch4,68.0,79.83333333333333,-11.833333333333329,watch1
1788168013491,watch1,70.0,75.36363636363636,-5.36363636363636,watch1
1788168013491,watch2,75.0,74.66666666666667,0.3333333333333286,watch1
1788168013491,watch3,70.0,76.25,-6.25,watch1
1788168013491,watch4,70.0,79.83333333333333,-9.833333333333329,watch1
1788168014497,watch1,70.0,75.36363636363636,-5.36363636363636,watch1
1788168014497,watch2,75.0,74.66666666666667,0.3333333333333286,watch1
1788168014497,watch3,70.0,76.25,-6.25,watch1
1788168014497,watch4,70.0,79.83333333333333,-9.833333333333329,watch1
1788168015502,watch1,70.0,75.36363636363636,-5.36363636363636,watch1
1788168015502,watch2,75.0,74.66666666666667,0.3333333333333286,watch1
1788168015502,watch3,70.0,76.25,-6.25,watch1
1788168015502,watch4,70.0,79.83333333333333,-9.833333333333329,watch1
1788168016506,watch1,71.0,75.36363636363636,-4.36363636363636,watch1
1788168016506,watch2,75.0,74.66666666666667,0.3333333333333286,watch1
1788168016506,watch3,70.0,76.25,-6.25,watch1
1788168016506,watch4,70.0,79.83333333333333,-9.833333333333329,watch1
1788168017508,watch1,72.0,75.36363636363636,-3.3636363636363598,watch1
1788168017508,watch2,75.0,74.66666666666667,0.3333333333333286,watch1
1788168017508,watch3,70.0,76.25,-6.25,watch1
1788168017508,watch4,74.0,79.83333333333333,-5.833333333333329,watch1
1788168018511,watch1,72.0,75.36363636363636,-3.3636363636363598,watch1
1788168018511,watch2,75.0,74.66666666666667,0.3333333333333286,watch1
1788168018511,watch3,71.0,76.25,-5.25,watch1
1788168018511,watch4,74.0,79.83333333333333,-5.833333333333329,watch1
1788168019528,watch1,72.0,75.36363636363636,-3.3636363636363598,watch1
1788168019528,watch2,75.0,74.66666666666667,0.3333333333333286,watch1
1788168019528,watch3,71.0,76.25,-5.25,watch1
1788168019528,watch4,75.0,79.83333333333333,-4.833333333333329,watch1
1788168020531,watch1,73.0,75.36363636363636,-2.3636363636363598,watch1
1788168020531,watch2,75.0,74.66666666666667,0.3333333333333286,watch1
1788168020531,watch3,71.0,76.25,-5.25,watch1
1788168020531,watch4,75.0,79.83333333333333,-4.833333333333329,watch1
1788168021601,watch1,72.0,75.36363636363636,-3.3636363636363598,watch1
1788168021601,watch2,75.0,74.66666666666667,0.3333333333333286,watch1
1788168021601,watch3,71.0,76.25,-5.25,watch1
1788168021601,watch4,74.0,79.83333333333333,-5.833333333333329,watch1
1788168022669,watch1,72.0,75.36363636363636,-3.3636363636363598,watch1
1788168022669,watch2,75.0,74.66666666666667,0.3333333333333286,watch1
1788168022669,watch3,71.0,76.25,-5.25,watch1
1788168022669,watch4,74.0,79.83333333333333,-5.833333333333329,watch1
1788168023674,watch1,73.0,75.36363636363636,-2.3636363636363598,watch1
1788168023674,watch2,75.0,74.66666666666667,0.3333333333333286,watch1
1788168023674,watch3,71.0,76.25,-5.25,watch1
1788168023674,watch4,74.0,79.83333333333333,-5.833333333333329,watch1
1788168024678,watch1,73.0,75.36363636363636,-2.3636363636363598,watch1
1788168024678,watch2,75.0,74.66666666666667,0.3333333333333286,watch1
1788168024678,watch3,71.0,76.25,-5.25,watch1
1788168024678,watch4,74.0,79.83333333333333,-5.833333333333329,watch1
1788168025681,watch1,73.0,75.36363636363636,-2.3636363636363598,watch1
1788168025681,watch2,75.0,74.66666666666667,0.3333333333333286,watch1
1788168025681,watch3,71.0,76.25,-5.25,watch1
1788168025681,watch4,73.0,79.83333333333333,-6.833333333333329,watch1
1788168026683,watch1,73.0,75.36363636363636,-2.3636363636363598,watch1
1788168026683,watch2,75.0,74.66666666666667,0.3333333333333286,watch1
1788168026683,watch3,71.0,76.25,-5.25,watch1
1788168026683,watch4,73.0,79.83333333333333,-6.833333333333329,watch1
1788168027694,watch1,73.0,75.36363636363636,-2.3636363636363598,watch1
1788168027694,watch2,75.0,74.66666666666667,0.3333333333333286,watch1
1788168027694,watch3,72.0,76.25,-4.25,watch1
1788168027694,watch4,74.0,79.83333333333333,-5.833333333333329,watch1
1788168028699,watch1,73.0,75.36363636363636,-2.3636363636363598,watch1
1788168028699,watch2,75.0,74.66666666666667,0.3333333333333286,watch1
1788168028699,watch3,72.0,76.25,-4.25,watch1
1788168028699,watch4,74.0,79.83333333333333,-5.833333333333329,watch1
1788168029750,watch1,73.0,75.36363636363636,-2.3636363636363598,watch1
1788168029750,watch2,75.0,74.66666666666667,0.3333333333333286,watch1
1788168029750,watch3,72.0,76.25,-4.25,watch1
1788168029750,watch4,73.0,79.83333333333333,-6.833333333333329,watch1
1788168030753,watch1,73.0,75.36363636363636,-2.3636363636363598,watch1
1788168030753,watch2,75.0,74.66666666666667,0.3333333333333286,watch1
1788168030753,watch3,71.0,76.25,-5.25,watch1
1788168030753,watch4,73.0,79.83333333333333,-6.833333333333329,watch1
1788168031826,watch1,72.0,75.36363636363636,-3.3636363636363598,watch1
1788168031826,watch2,75.0,74.66666666666667,0.3333333333333286,watch1
1788168031826,watch3,71.0,76.25,-5.25,watch1
1788168031826,watch4,72.0,79.83333333333333,-7.833333333333329,watch1
1788168032829,watch1,72.0,75.36363636363636,-3.3636363636363598,watch1
1788168032829,watch2,75.0,74.66666666666667,0.3333333333333286,watch1
1788168032829,watch3,71.0,76.25,-5.25,watch1
1788168032829,watch4,72.0,79.83333333333333,-7.833333333333329,watch1
1788168033832,watch1,72.0,75.36363636363636,-3.3636363636363598,watch1
1788168033832,watch2,75.0,74.66666666666667,0.3333333333333286,watch1
1788168033832,watch3,71.0,76.25,-5.25,watch1
1788168033832,watch4,72.0,79.83333333333333,-7.833333333333329,watch1
1788168037985,watch1,72.0,75.36363636363636,-3.3636363636363598,watch1
1788168037985,watch2,75.0,74.66666666666667,0.3333333333333286,watch1
1788168037985,watch3,71.0,76.25,-5.25,watch1
1788168037985,watch4,72.0,79.83333333333333,-7.833333333333329,watch1
1788168038989,watch1,73.0,75.36363636363636,-2.3636363636363598,watch1
1788168038989,watch2,75.0,74.66666666666667,0.3333333333333286,watch1
1788168038989,watch3,72.0,76.25,-4.25,watch1
1788168038989,watch4,73.0,79.83333333333333,-6.833333333333329,watch1
1788168039992,watch1,73.0,75.36363636363636,-2.3636363636363598,watch1
1788168039992,watch2,75.0,74.66666666666667,0.3333333333333286,watch1
1788168039992,watch3,72.0,76.25,-4.25,watch1
1788168039992,watch4,73.0,79.83333333333333,-6.833333333333329,watch1
1788168040995,watch1,73.0,75.36363636363636,-2.3636363636363598,watch1
1788168040995,watch2,73.0,74.66666666666667,-1.6666666666666714,watch1
1788168040995,watch3,72.0,76.25,-4.25,watch1
1788168040995,watch4,74.0,79.83333333333333,-5.833333333333329,watch1
1788168041998,watch1,73.0,75.36363636363636,-2.3636363636363598,watch1
1788168041998,watch2,73.0,74.66666666666667,-1.6666666666666714,watch1
1788168041998,watch3,72.0,76.25,-4.25,watch1
1788168041998,watch4,73.0,79.83333333333333,-6.833333333333329,watch1
1788168043002,watch1,73.0,75.36363636363636,-2.3636363636363598,watch1
1788168043002,watch2,73.0,74.66666666666667,-1.6666666666666714,watch1
1788168043002,watch3,72.0,76.25,-4.25,watch1
1788168043002,watch4,73.0,79.83333333333333,-6.833333333333329,watch1
1788168044006,watch1,73.0,75.36363636363636,-2.3636363636363598,watch1
1788168044006,watch2,73.0,74.66666666666667,-1.6666666666666714,watch1
1788168044006,watch3,73.0,76.25,-3.25,watch1
1788168044006,watch4,73.0,79.83333333333333,-6.833333333333329,watch1
1788168045012,watch1,73.0,75.36363636363636,-2.3636363636363598,watch1
1788168045012,watch2,73.0,74.66666666666667,-1.6666666666666714,watch1
1788168045012,watch3,73.0,76.25,-3.25,watch1
1788168045012,watch4,73.0,79.83333333333333,-6.833333333333329,watch1
1788168046028,watch1,73.0,75.36363636363636,-2.3636363636363598,watch1
1788168046028,watch2,73.0,74.66666666666667,-1.6666666666666714,watch1
1788168046028,watch3,73.0,76.25,-3.25,watch1
1788168046028,watch4,72.0,79.83333333333333,-7.833333333333329,watch1
1788168047031,watch1,74.0,75.36363636363636,-1.3636363636363598,watch1
1788168047031,watch2,74.0,74.66666666666667,-0.6666666666666714,watch1
1788168047031,watch3,73.0,76.25,-3.25,watch1
1788168047031,watch4,72.0,79.83333333333333,-7.833333333333329,watch1
1788168048034,watch1,74.0,75.36363636363636,-1.3636363636363598,watch1
1788168048034,watch2,74.0,74.66666666666667,-0.6666666666666714,watch1
1788168048034,watch3,73.0,76.25,-3.25,watch1
1788168048034,watch4,73.0,79.83333333333333,-6.833333333333329,watch1
1788168049037,watch1,74.0,75.36363636363636,-1.3636363636363598,watch1
1788168049037,watch2,74.0,74.66666666666667,-0.6666666666666714,watch1
1788168049037,watch3,74.0,76.25,-2.25,watch1
1788168049037,watch4,73.0,79.83333333333333,-6.833333333333329,watch1
1788168050053,watch1,74.0,75.36363636363636,-1.3636363636363598,watch1
1788168050053,watch2,74.0,74.66666666666667,-0.6666666666666714,watch1
1788168050053,watch3,74.0,76.25,-2.25,watch1
1788168050053,watch4,74.0,79.83333333333333,-5.833333333333329,watch1
1788168051056,watch1,74.0,75.36363636363636,-1.3636363636363598,watch1
1788168051056,watch2,76.0,74.66666666666667,1.3333333333333286,watch1
1788168051056,watch3,74.0,76.25,-2.25,watch1
1788168051056,watch4,74.0,79.83333333333333,-5.833333333333329,watch1
1788168052059,watch1,75.0,75.36363636363636,-0.36363636363635976,watch1
1788168052059,watch2,76.0,74.66666666666667,1.3333333333333286,watch1
1788168052059,watch3,74.0,76.25,-2.25,watch1
1788168052059,watch4,74.0,79.83333333333333,-5.833333333333329,watch1
1788168053062,watch1,76.0,75.36363636363636,0.6363636363636402,watch1
1788168053062,watch2,79.0,74.66666666666667,4.333333333333329,watch1
1788168053062,watch3,77.0,76.25,0.75,watch1
1788168053062,watch4,75.0,79.83333333333333,-4.833333333333329,watch1
1788168054065,watch1,76.0,75.36363636363636,0.6363636363636402,watch1
1788168054065,watch2,79.0,74.66666666666667,4.333333333333329,watch1
1788168054065,watch3,80.0,76.25,3.75,watch1
1788168054065,watch4,75.0,79.83333333333333,-4.833333333333329,watch1
1788168055119,watch1,77.0,75.36363636363636,1.6363636363636402,watch1
1788168055119,watch2,82.0,74.66666666666667,7.333333333333329,watch1
1788168055119,watch3,80.0,76.25,3.75,watch1
1788168055119,watch4,84.0,79.83333333333333,4.166666666666671,watch1
1788168056159,watch1,77.0,75.36363636363636,1.6363636363636402,watch1
1788168056159,watch2,82.0,74.66666666666667,7.333333333333329,watch1
1788168056159,watch3,82.0,76.25,5.75,watch1
1788168056159,watch4,84.0,79.83333333333333,4.166666666666671,watch1
1788168057163,watch1,81.0,75.36363636363636,5.63636363636364,watch1
1788168057163,watch2,83.0,74.66666666666667,8.333333333333329,watch1
1788168057163,watch3,82.0,76.25,5.75,watch1
1788168057163,watch4,86.0,79.83333333333333,6.166666666666671,watch1
1788168058169,watch1,81.0,75.36363636363636,5.63636363636364,watch1
1788168058169,watch2,83.0,74.66666666666667,8.333333333333329,watch1
1788168058169,watch3,84.0,76.25,7.75,watch1
1788168058169,watch4,88.0,79.83333333333333,8.166666666666671,watch1
1788168059172,watch1,84.0,75.36363636363636,8.63636363636364,watch1
1788168059172,watch2,83.0,74.66666666666667,8.333333333333329,watch1
1788168059172,watch3,84.0,76.25,7.75,watch1
1788168059172,watch4,89.0,79.83333333333333,9.166666666666671,watch1
1788168060180,watch1,83.0,75.36363636363636,7.63636363636364,watch1
1788168060180,watch2,82.0,74.66666666666667,7.333333333333329,watch1
1788168060180,watch3,84.0,76.25,7.75,watch1
1788168060180,watch4,91.0,79.83333333333333,11.166666666666671,watch1
1788168061184,watch1,83.0,75.36363636363636,7.63636363636364,watch1
1788168061184,watch2,84.0,74.66666666666667,9.333333333333329,watch1
1788168061184,watch3,84.0,76.25,7.75,watch1
1788168061184,watch4,91.0,79.83333333333333,11.166666666666671,watch1
1788168062187,watch1,82.0,75.36363636363636,6.63636363636364,watch1
1788168062187,watch2,84.0,74.66666666666667,9.333333333333329,watch1
1788168062187,watch3,84.0,76.25,7.75,watch1
1788168062187,watch4,92.0,79.83333333333333,12.166666666666671,watch1
1788168063190,watch1,82.0,75.36363636363636,6.63636363636364,watch1
1788168063190,watch2,85.0,74.66666666666667,10.333333333333329,watch1
1788168063190,watch3,83.0,76.25,6.75,watch1
1788168063190,watch4,92.0,79.83333333333333,12.166666666666671,watch1
1788168064194,watch1,82.0,75.36363636363636,6.63636363636364,watch1
1788168064194,watch2,85.0,74.66666666666667,10.333333333333329,watch1
1788168064194,watch3,83.0,76.25,6.75,watch1
1788168064194,watch4,92.0,79.83333333333333,12.166666666666671,watch1
1788168065198,watch1,82.0,75.36363636363636,6.63636363636364,watch1
1788168065198,watch2,82.0,74.66666666666667,7.333333333333329,watch1
1788168065198,watch3,80.0,76.25,3.75,watch1
1788168065198,watch4,91.0,79.83333333333333,11.166666666666671,watch1
1788168066201,watch1,80.0,75.36363636363636,4.63636363636364,watch1
1788168066201,watch2,84.0,74.66666666666667,9.333333333333329,watch1
1788168066201,watch3,80.0,76.25,3.75,watch1
1788168066201,watch4,88.0,79.83333333333333,8.166666666666671,watch1
1788168067204,watch1,80.0,75.36363636363636,4.63636363636364,watch1
1788168067204,watch2,84.0,74.66666666666667,9.333333333333329,watch1
1788168067204,watch3,77.0,76.25,0.75,watch1
1788168067204,watch4,82.0,79.83333333333333,2.1666666666666714,watch1
1788168068718,watch1,80.0,75.36363636363636,4.63636363636364,watch1
1788168068718,watch2,79.0,74.66666666666667,4.333333333333329,watch1
1788168068718,watch3,77.0,76.25,0.75,watch1
1788168068718,watch4,81.0,79.83333333333333,1.1666666666666714,watch1
1788168069723,watch1,77.0,75.36363636363636,1.6363636363636402,watch1
1788168069723,watch2,81.0,74.66666666666667,6.333333333333329,watch1
1788168069723,watch3,77.0,76.25,0.75,watch1
1788168069723,watch4,82.0,79.83333333333333,2.1666666666666714,watch1
1788168070726,watch1,77.0,75.36363636363636,1.6363636363636402,watch1
1788168070726,watch2,81.0,74.66666666666667,6.333333333333329,watch1
1788168070726,watch3,77.0,76.25,0.75,watch1
1788168070726,watch4,80.0,79.83333333333333,0.1666666666666714,watch1
1788168071729,watch1,79.0,75.36363636363636,3.6363636363636402,watch1
1788168071729,watch2,78.0,74.66666666666667,3.3333333333333286,watch1
1788168071729,watch3,77.0,76.25,0.75,watch1
1788168071729,watch4,80.0,79.83333333333333,0.1666666666666714,watch1
1788168072732,watch1,79.0,75.36363636363636,3.6363636363636402,watch1
1788168072732,watch2,78.0,74.66666666666667,3.3333333333333286,watch1
1788168072732,watch3,77.0,76.25,0.75,watch1
1788168072732,watch4,77.0,79.83333333333333,-2.8333333333333286,watch1
1788168073788,watch1,79.0,75.36363636363636,3.6363636363636402,watch1
1788168073788,watch2,77.0,74.66666666666667,2.3333333333333286,watch1
1788168073788,watch3,76.0,76.25,-0.25,watch1
1788168073788,watch4,76.0,79.83333333333333,-3.8333333333333286,watch1
1788168074794,watch1,79.0,75.36363636363636,3.6363636363636402,watch1
1788168074794,watch2,77.0,74.66666666666667,2.3333333333333286,watch1
1788168074794,watch3,76.0,76.25,-0.25,watch1
1788168074794,watch4,75.0,79.83333333333333,-4.833333333333329,watch1
1788168075798,watch1,79.0,75.36363636363636,3.6363636363636402,watch1
1788168075798,watch2,77.0,74.66666666666667,2.3333333333333286,watch1
1788168075798,watch3,77.0,76.25,0.75,watch1
1788168075798,watch4,75.0,79.83333333333333,-4.833333333333329,watch1
1788168076811,watch1,79.0,75.36363636363636,3.6363636363636402,watch1
1788168076811,watch2,77.0,74.66666666666667,2.3333333333333286,watch1
1788168076811,watch3,77.0,76.25,0.75,watch1
1788168076811,watch4,75.0,79.83333333333333,-4.833333333333329,watch1
1788168077849,watch1,77.0,75.36363636363636,1.6363636363636402,watch1
1788168077849,watch2,77.0,74.66666666666667,2.3333333333333286,watch1
1788168077849,watch3,77.0,76.25,0.75,watch1
1788168077849,watch4,75.0,79.83333333333333,-4.833333333333329,watch1
1788168078852,watch1,78.0,75.36363636363636,2.6363636363636402,watch1
1788168078852,watch2,77.0,74.66666666666667,2.3333333333333286,watch1
1788168078852,watch3,79.0,76.25,2.75,watch1
1788168078852,watch4,76.0,79.83333333333333,-3.8333333333333286,watch1
1788168079856,watch1,78.0,75.36363636363636,2.6363636363636402,watch1
1788168079856,watch2,78.0,74.66666666666667,3.3333333333333286,watch1
1788168079856,watch3,81.0,76.25,4.75,watch1
1788168079856,watch4,76.0,79.83333333333333,-3.8333333333333286,watch1
1788168081006,watch1,78.0,75.36363636363636,2.6363636363636402,watch1
1788168081006,watch2,78.0,74.66666666666667,3.3333333333333286,watch1
1788168081006,watch3,80.0,76.25,3.75,watch1
1788168081006,watch4,76.0,79.83333333333333,-3.8333333333333286,watch1
1788168082009,watch1,78.0,75.36363636363636,2.6363636363636402,watch1
1788168082009,watch2,79.0,74.66666666666667,4.333333333333329,watch1
1788168082009,watch3,80.0,76.25,3.75,watch1
1788168082009,watch4,80.0,79.83333333333333,0.1666666666666714,watch1
1788168083012,watch1,78.0,75.36363636363636,2.6363636363636402,watch1
1788168083012,watch2,79.0,74.66666666666667,4.333333333333329,watch1
1788168083012,watch3,80.0,76.25,3.75,watch1
1788168083012,watch4,80.0,79.83333333333333,0.1666666666666714,watch1
1788168084063,watch1,78.0,75.36363636363636,2.6363636363636402,watch1
1788168084063,watch2,80.0,74.66666666666667,5.333333333333329,watch1
1788168084063,watch3,79.0,76.25,2.75,watch1
1788168084063,watch4,80.0,79.83333333333333,0.1666666666666714,watch1
1788168085095,watch1,78.0,75.36363636363636,2.6363636363636402,watch1
1788168085095,watch2,78.0,74.66666666666667,3.3333333333333286,watch1
1788168085095,watch3,79.0,76.25,2.75,watch1
1788168085095,watch4,79.0,79.83333333333333,-0.8333333333333286,watch1
1788168086104,watch1,78.0,75.36363636363636,2.6363636363636402,watch1
1788168086104,watch2,78.0,74.66666666666667,3.3333333333333286,watch1
1788168086104,watch3,79.0,76.25,2.75,watch1
1788168086104,watch4,79.0,79.83333333333333,-0.8333333333333286,watch1
1788168087117,watch1,77.0,75.36363636363636,1.6363636363636402,watch1
1788168087117,watch2,79.0,74.66666666666667,4.333333333333329,watch1
1788168087117,watch3,79.0,76.25,2.75,watch1
1788168087117,watch4,79.0,79.83333333333333,-0.8333333333333286,watch1
1788168088121,watch1,77.0,75.36363636363636,1.6363636363636402,watch1
1788168088121,watch2,79.0,74.66666666666667,4.333333333333329,watch1
1788168088121,watch3,79.0,76.25,2.75,watch1
1788168088121,watch4,79.0,79.83333333333333,-0.8333333333333286,watch1
1788168089125,watch1,78.0,75.36363636363636,2.6363636363636402,watch1
1788168089125,watch2,78.0,74.66666666666667,3.3333333333333286,watch1
1788168089125,watch3,79.0,76.25,2.75,watch1
1788168089125,watch4,79.0,79.83333333333333,-0.8333333333333286,watch1
1788168090128,watch1,78.0,75.36363636363636,2.6363636363636402,watch1
1788168090128,watch2,78.0,74.66666666666667,3.3333333333333286,watch1
1788168090128,watch3,79.0,76.25,2.75,watch1
1788168090128,watch4,79.0,79.83333333333333,-0.8333333333333286,watch1
1788168092390,watch1,77.0,75.36363636363636,1.6363636363636402,watch1
1788168092390,watch2,78.0,74.66666666666667,3.3333333333333286,watch1
1788168092390,watch3,79.0,76.25,2.75,watch1
1788168092390,watch4,79.0,79.83333333333333,-0.8333333333333286,watch1
1788168095262,watch1,77.0,75.36363636363636,1.6363636363636402,watch1
1788168095262,watch2,78.0,74.66666666666667,3.3333333333333286,watch1
1788168095262,watch3,77.0,76.25,0.75,watch1
1788168095262,watch4,79.0,79.83333333333333,-0.8333333333333286,watch1
1788168097370,watch1,77.0,75.36363636363636,1.6363636363636402,watch1
1788168097370,watch2,78.0,74.66666666666667,3.3333333333333286,watch1
1788168097370,watch3,77.0,76.25,0.75,watch1
1788168097370,watch4,71.0,79.83333333333333,-8.833333333333329,watch1
1788168098375,watch1,77.0,75.36363636363636,1.6363636363636402,watch1
1788168098375,watch2,78.0,74.66666666666667,3.3333333333333286,watch1
1788168098375,watch3,73.0,76.25,-3.25,watch1
1788168098375,watch4,69.0,79.83333333333333,-10.833333333333329,watch1
1788168106815,watch1,76.0,75.36363636363636,0.6363636363636402,watch1
1788168106815,watch2,79.0,74.66666666666667,4.333333333333329,watch1
1788168106815,watch3,72.0,76.25,-4.25,watch1
1788168106815,watch4,69.0,79.83333333333333,-10.833333333333329,watch1
1788168108201,watch1,75.0,75.36363636363636,-0.36363636363635976,watch1
1788168108201,watch2,79.0,74.66666666666667,4.333333333333329,watch1
1788168108201,watch3,72.0,76.25,-4.25,watch1
1788168108201,watch4,69.0,79.83333333333333,-10.833333333333329,watch1
1788168109208,watch1,74.0,75.36363636363636,-1.3636363636363598,watch1
1788168109208,watch2,75.0,74.66666666666667,0.3333333333333286,watch1
1788168109208,watch3,70.0,76.25,-6.25,watch1
1788168109208,watch4,70.0,79.83333333333333,-9.833333333333329,watch1
1788168110212,watch1,75.0,75.36363636363636,-0.36363636363635976,watch1
1788168110212,watch2,75.0,74.66666666666667,0.3333333333333286,watch1
1788168110212,watch3,71.0,76.25,-5.25,watch1
1788168110212,watch4,70.0,79.83333333333333,-9.833333333333329,watch1
1788168111253,watch1,75.0,75.36363636363636,-0.36363636363635976,watch1
1788168111253,watch2,75.0,74.66666666666667,0.3333333333333286,watch1
1788168111253,watch3,71.0,76.25,-5.25,watch1
1788168111253,watch4,70.0,79.83333333333333,-9.833333333333329,watch1
1788168112257,watch1,74.0,75.36363636363636,-1.3636363636363598,watch1
1788168112257,watch2,75.0,74.66666666666667,0.3333333333333286,watch1
1788168112257,watch3,71.0,76.25,-5.25,watch1
1788168112257,watch4,70.0,79.83333333333333,-9.833333333333329,watch1
1788168113273,watch1,74.0,75.36363636363636,-1.3636363636363598,watch1
1788168113273,watch2,75.0,74.66666666666667,0.3333333333333286,watch1
1788168113273,watch3,71.0,76.25,-5.25,watch1
1788168113273,watch4,70.0,79.83333333333333,-9.833333333333329,watch1
1788168114276,watch1,74.0,75.36363636363636,-1.3636363636363598,watch1
1788168114276,watch2,75.0,74.66666666666667,0.3333333333333286,watch1
1788168114276,watch3,71.0,76.25,-5.25,watch1
1788168114276,watch4,70.0,79.83333333333333,-9.833333333333329,watch1
1788168115280,watch1,74.0,75.36363636363636,-1.3636363636363598,watch1
1788168115280,watch2,75.0,74.66666666666667,0.3333333333333286,watch1
1788168115280,watch3,71.0,76.25,-5.25,watch1
1788168115280,watch4,70.0,79.83333333333333,-9.833333333333329,watch1
1788168116724,watch1,75.0,75.36363636363636,-0.36363636363635976,watch1
1788168116724,watch2,73.0,74.66666666666667,-1.6666666666666714,watch1
1788168116724,watch3,71.0,76.25,-5.25,watch1
1788168116724,watch4,70.0,79.83333333333333,-9.833333333333329,watch1
1788168117780,watch1,75.0,75.36363636363636,-0.36363636363635976,watch1
1788168117780,watch2,72.0,74.66666666666667,-2.6666666666666714,watch1
1788168117780,watch3,71.0,76.25,-5.25,watch1
1788168117780,watch4,69.0,79.83333333333333,-10.833333333333329,watch1
1788168118789,watch1,75.0,75.36363636363636,-0.36363636363635976,watch1
1788168118789,watch2,73.0,74.66666666666667,-1.6666666666666714,watch1
1788168118789,watch3,70.0,76.25,-6.25,watch1
1788168118789,watch4,68.0,79.83333333333333,-11.833333333333329,watch1
1788168119888,watch1,76.0,75.36363636363636,0.6363636363636402,watch1
1788168119888,watch2,71.0,74.66666666666667,-3.6666666666666714,watch1
1788168119888,watch3,70.0,76.25,-6.25,watch1
1788168119888,watch4,68.0,79.83333333333333,-11.833333333333329,watch1
1788168121575,watch1,76.0,75.36363636363636,0.6363636363636402,watch1
1788168121575,watch2,71.0,74.66666666666667,-3.6666666666666714,watch1
1788168121575,watch3,70.0,76.25,-6.25,watch1
1788168121575,watch4,69.0,79.83333333333333,-10.833333333333329,watch1
1788168122580,watch1,76.0,75.36363636363636,0.6363636363636402,watch1
1788168122580,watch2,71.0,74.66666666666667,-3.6666666666666714,watch1
1788168122580,watch3,70.0,76.25,-6.25,watch1
1788168122580,watch4,70.0,79.83333333333333,-9.833333333333329,watch1
1788168123584,watch1,75.0,75.36363636363636,-0.36363636363635976,watch1
1788168123584,watch2,71.0,74.66666666666667,-3.6666666666666714,watch1
1788168123584,watch3,69.0,76.25,-7.25,watch1
1788168123584,watch4,70.0,79.83333333333333,-9.833333333333329,watch1
1788168126380,watch1,75.0,75.36363636363636,-0.36363636363635976,watch1
1788168126380,watch2,70.0,74.66666666666667,-4.666666666666671,watch1
1788168126380,watch3,69.0,76.25,-7.25,watch1
1788168126380,watch4,70.0,79.83333333333333,-9.833333333333329,watch1
1788168127384,watch1,75.0,75.36363636363636,-0.36363636363635976,watch1
1788168127384,watch2,69.0,74.66666666666667,-5.666666666666671,watch1
1788168127384,watch3,69.0,76.25,-7.25,watch1
1788168127384,watch4,68.0,79.83333333333333,-11.833333333333329,watch1
1788168128388,watch1,74.0,75.36363636363636,-1.3636363636363598,watch1
1788168128388,watch2,69.0,74.66666666666667,-5.666666666666671,watch1
1788168128388,watch3,69.0,76.25,-7.25,watch1
1788168128388,watch4,68.0,79.83333333333333,-11.833333333333329,watch1
1788168130104,watch1,74.0,75.36363636363636,-1.3636363636363598,watch1
1788168130104,watch2,70.0,74.66666666666667,-4.666666666666671,watch1
1788168130104,watch3,69.0,76.25,-7.25,watch1
1788168130104,watch4,68.0,79.83333333333333,-11.833333333333329,watch1
1788168131118,watch1,73.0,75.36363636363636,-2.3636363636363598,watch1
1788168131118,watch2,70.0,74.66666666666667,-4.666666666666671,watch1
1788168131118,watch3,70.0,76.25,-6.25,watch1
1788168131118,watch4,68.0,79.83333333333333,-11.833333333333329,watch1
1788168132173,watch1,73.0,75.36363636363636,-2.3636363636363598,watch1
1788168132173,watch2,70.0,74.66666666666667,-4.666666666666671,watch1
1788168132173,watch3,70.0,76.25,-6.25,watch1
1788168132173,watch4,70.0,79.83333333333333,-9.833333333333329,watch1
1788168133272,watch1,73.0,75.36363636363636,-2.3636363636363598,watch1
1788168133272,watch2,71.0,74.66666666666667,-3.6666666666666714,watch1
1788168133272,watch3,71.0,76.25,-5.25,watch1
1788168133272,watch4,70.0,79.83333333333333,-9.833333333333329,watch1
1788168134275,watch1,73.0,75.36363636363636,-2.3636363636363598,watch1
1788168134275,watch2,71.0,74.66666666666667,-3.6666666666666714,watch1
1788168134275,watch3,71.0,76.25,-5.25,watch1
1788168134275,watch4,71.0,79.83333333333333,-8.833333333333329,watch1
1788168135281,watch1,74.0,75.36363636363636,-1.3636363636363598,watch1
1788168135281,watch2,70.0,74.66666666666667,-4.666666666666671,watch1
1788168135281,watch3,71.0,76.25,-5.25,watch1
1788168135281,watch4,71.0,79.83333333333333,-8.833333333333329,watch1
1788168136285,watch1,74.0,75.36363636363636,-1.3636363636363598,watch1
1788168136285,watch2,70.0,74.66666666666667,-4.666666666666671,watch1
1788168136285,watch3,71.0,76.25,-5.25,watch1
1788168136285,watch4,71.0,79.83333333333333,-8.833333333333329,watch1
1788168141749,watch1,74.0,75.36363636363636,-1.3636363636363598,watch1
1788168141749,watch2,70.0,74.66666666666667,-4.666666666666671,watch1
1788168141749,watch3,70.0,76.25,-6.25,watch1
1788168141749,watch4,71.0,79.83333333333333,-8.833333333333329,watch1
1788168143841,watch1,74.0,75.36363636363636,-1.3636363636363598,watch1
1788168143841,watch2,70.0,74.66666666666667,-4.666666666666671,watch1
1788168143841,watch3,71.0,76.25,-5.25,watch1
1788168143841,watch4,76.0,79.83333333333333,-3.8333333333333286,watch1
1788168144973,watch1,74.0,75.36363636363636,-1.3636363636363598,watch1
1788168144973,watch2,70.0,74.66666666666667,-4.666666666666671,watch1
1788168144973,watch3,72.0,76.25,-4.25,watch1
1788168144973,watch4,77.0,79.83333333333333,-2.8333333333333286,watch1
1788168145978,watch1,74.0,75.36363636363636,-1.3636363636363598,watch1
1788168145978,watch2,71.0,74.66666666666667,-3.6666666666666714,watch1
1788168145978,watch3,72.0,76.25,-4.25,watch1
1788168145978,watch4,75.0,79.83333333333333,-4.833333333333329,watch1
1788168146981,watch1,75.0,75.36363636363636,-0.36363636363635976,watch1
1788168146981,watch2,71.0,74.66666666666667,-3.6666666666666714,watch1
1788168146981,watch3,72.0,76.25,-4.25,watch1
1788168146981,watch4,74.0,79.83333333333333,-5.833333333333329,watch1
1788168147985,watch1,75.0,75.36363636363636,-0.36363636363635976,watch1
1788168147985,watch2,71.0,74.66666666666667,-3.6666666666666714,watch1
1788168147985,watch3,72.0,76.25,-4.25,watch1
1788168147985,watch4,73.0,79.83333333333333,-6.833333333333329,watch1
1788168149064,watch1,76.0,75.36363636363636,0.6363636363636402,watch1
1788168149064,watch2,71.0,74.66666666666667,-3.6666666666666714,watch1
1788168149064,watch3,73.0,76.25,-3.25,watch1
1788168149064,watch4,73.0,79.83333333333333,-6.833333333333329,watch1
1788168150196,watch1,76.0,75.36363636363636,0.6363636363636402,watch1
1788168150196,watch2,72.0,74.66666666666667,-2.6666666666666714,watch1
1788168150196,watch3,72.0,76.25,-4.25,watch1
1788168150196,watch4,73.0,79.83333333333333,-6.833333333333329,watch1
1788168151300,watch1,76.0,75.36363636363636,0.6363636363636402,watch1
1788168151300,watch2,72.0,74.66666666666667,-2.6666666666666714,watch1
1788168151300,watch3,72.0,76.25,-4.25,watch1
1788168151300,watch4,74.0,79.83333333333333,-5.833333333333329,watch1
1788168152412,watch1,77.0,75.36363636363636,1.6363636363636402,watch1
1788168152412,watch2,73.0,74.66666666666667,-1.6666666666666714,watch1
1788168152412,watch3,72.0,76.25,-4.25,watch1
1788168152412,watch4,75.0,79.83333333333333,-4.833333333333329,watch1
1788168153417,watch1,77.0,75.36363636363636,1.6363636363636402,watch1
1788168153417,watch2,73.0,74.66666666666667,-1.6666666666666714,watch1
1788168153417,watch3,73.0,76.25,-3.25,watch1
1788168153417,watch4,75.0,79.83333333333333,-4.833333333333329,watch1
1788168154573,watch1,77.0,75.36363636363636,1.6363636363636402,watch1
1788168154573,watch2,74.0,74.66666666666667,-0.6666666666666714,watch1
1788168154573,watch3,73.0,76.25,-3.25,watch1
1788168154573,watch4,76.0,79.83333333333333,-3.8333333333333286,watch1
1788168155576,watch1,77.0,75.36363636363636,1.6363636363636402,watch1
1788168155576,watch2,74.0,74.66666666666667,-0.6666666666666714,watch1
1788168155576,watch3,73.0,76.25,-3.25,watch1
1788168155576,watch4,76.0,79.83333333333333,-3.8333333333333286,watch1
1788168156580,watch1,78.0,75.36363636363636,2.6363636363636402,watch1
1788168156580,watch2,74.0,74.66666666666667,-0.6666666666666714,watch1
1788168156580,watch3,74.0,76.25,-2.25,watch1
1788168156580,watch4,75.0,79.83333333333333,-4.833333333333329,watch1
1788168157584,watch1,78.0,75.36363636363636,2.6363636363636402,watch1
1788168157584,watch2,74.0,74.66666666666667,-0.6666666666666714,watch1
1788168157584,watch3,74.0,76.25,-2.25,watch1
1788168157584,watch4,75.0,79.83333333333333,-4.833333333333329,watch1
1788168158794,watch1,78.0,75.36363636363636,2.6363636363636402,watch1
1788168158794,watch2,73.0,74.66666666666667,-1.6666666666666714,watch1
1788168158794,watch3,72.0,76.25,-4.25,watch1
1788168158794,watch4,74.0,79.83333333333333,-5.833333333333329,watch1
1788168159902,watch1,78.0,75.36363636363636,2.6363636363636402,watch1
1788168159902,watch2,73.0,74.66666666666667,-1.6666666666666714,watch1
1788168159902,watch3,71.0,76.25,-5.25,watch1
1788168159902,watch4,71.0,79.83333333333333,-8.833333333333329,watch1
1788168161040,watch1,78.0,75.36363636363636,2.6363636363636402,watch1
1788168161040,watch2,72.0,74.66666666666667,-2.6666666666666714,watch1
1788168161040,watch3,69.0,76.25,-7.25,watch1
1788168161040,watch4,71.0,79.83333333333333,-8.833333333333329,watch1
1788168162078,watch1,78.0,75.36363636363636,2.6363636363636402,watch1
1788168162078,watch2,71.0,74.66666666666667,-3.6666666666666714,watch1
1788168162078,watch3,69.0,76.25,-7.25,watch1
1788168162078,watch4,68.0,79.83333333333333,-11.833333333333329,watch1
1788168163082,watch1,78.0,75.36363636363636,2.6363636363636402,watch1
1788168163082,watch2,71.0,74.66666666666667,-3.6666666666666714,watch1
1788168163082,watch3,69.0,76.25,-7.25,watch1
1788168163082,watch4,68.0,79.83333333333333,-11.833333333333329,watch1
1788168164306,watch1,77.0,75.36363636363636,1.6363636363636402,watch1
1788168164306,watch2,70.0,74.66666666666667,-4.666666666666671,watch1
1788168164306,watch3,69.0,76.25,-7.25,watch1
1788168164306,watch4,68.0,79.83333333333333,-11.833333333333329,watch1
1788168165472,watch1,80.0,75.36363636363636,4.63636363636364,watch1
1788168165472,watch2,70.0,74.66666666666667,-4.666666666666671,watch1
1788168165472,watch3,68.0,76.25,-8.25,watch1
1788168165472,watch4,67.0,79.83333333333333,-12.833333333333329,watch1
1788168166477,watch1,80.0,75.36363636363636,4.63636363636364,watch1
1788168166477,watch2,69.0,74.66666666666667,-5.666666666666671,watch1
1788168166477,watch3,68.0,76.25,-8.25,watch1
1788168166477,watch4,66.0,79.83333333333333,-13.833333333333329,watch1
1788168167483,watch1,80.0,75.36363636363636,4.63636363636364,watch1
1788168167483,watch2,69.0,74.66666666666667,-5.666666666666671,watch1
1788168167483,watch3,68.0,76.25,-8.25,watch1
1788168167483,watch4,66.0,79.83333333333333,-13.833333333333329,watch1
1788168168487,watch1,80.0,75.36363636363636,4.63636363636364,watch1
1788168168487,watch2,69.0,74.66666666666667,-5.666666666666671,watch1
1788168168487,watch3,68.0,76.25,-8.25,watch1
1788168168487,watch4,66.0,79.83333333333333,-13.833333333333329,watch1
1788168169742,watch1,79.0,75.36363636363636,3.6363636363636402,watch1
1788168169742,watch2,69.0,74.66666666666667,-5.666666666666671,watch1
1788168169742,watch3,68.0,76.25,-8.25,watch1
1788168169742,watch4,66.0,79.83333333333333,-13.833333333333329,watch1
1788168170746,watch1,80.0,75.36363636363636,4.63636363636364,watch1
1788168170746,watch2,69.0,74.66666666666667,-5.666666666666671,watch1
1788168170746,watch3,68.0,76.25,-8.25,watch1
1788168170746,watch4,66.0,79.83333333333333,-13.833333333333329,watch1
1788168171750,watch1,80.0,75.36363636363636,4.63636363636364,watch1
1788168171750,watch2,68.0,74.66666666666667,-6.666666666666671,watch1
1788168171750,watch3,68.0,76.25,-8.25,watch1
1788168171750,watch4,68.0,79.83333333333333,-11.833333333333329,watch1
1788168177959,watch1,80.0,75.36363636363636,4.63636363636364,watch1
1788168177959,watch2,68.0,74.66666666666667,-6.666666666666671,watch1
1788168177959,watch3,68.0,76.25,-8.25,watch1
1788168177959,watch4,68.0,79.83333333333333,-11.833333333333329,watch1
1788168179326,watch1,80.0,75.36363636363636,4.63636363636364,watch1
1788168179326,watch2,68.0,74.66666666666667,-6.666666666666671,watch1
1788168179326,watch3,70.0,76.25,-6.25,watch1
1788168179326,watch4,68.0,79.83333333333333,-11.833333333333329,watch1
1788168180331,watch1,78.0,75.36363636363636,2.6363636363636402,watch1
1788168180331,watch2,68.0,74.66666666666667,-6.666666666666671,watch1
1788168180331,watch3,69.0,76.25,-7.25,watch1
1788168180331,watch4,68.0,79.83333333333333,-11.833333333333329,watch1
1788168181503,watch1,79.0,75.36363636363636,3.6363636363636402,watch1
1788168181503,watch2,69.0,74.66666666666667,-5.666666666666671,watch1
1788168181503,watch3,69.0,76.25,-7.25,watch1
1788168181503,watch4,69.0,79.83333333333333,-10.833333333333329,watch1
1788168182507,watch1,79.0,75.36363636363636,3.6363636363636402,watch1
1788168182507,watch2,69.0,74.66666666666667,-5.666666666666671,watch1
1788168182507,watch3,69.0,76.25,-7.25,watch1
1788168182507,watch4,69.0,79.83333333333333,-10.833333333333329,watch1
1788168183521,watch1,80.0,75.36363636363636,4.63636363636364,watch1
1788168183521,watch2,69.0,74.66666666666667,-5.666666666666671,watch1
1788168183521,watch3,69.0,76.25,-7.25,watch1
1788168183521,watch4,69.0,79.83333333333333,-10.833333333333329,watch1
1788168184526,watch1,80.0,75.36363636363636,4.63636363636364,watch1
1788168184526,watch2,69.0,74.66666666666667,-5.666666666666671,watch1
1788168184526,watch3,69.0,76.25,-7.25,watch1
1788168184526,watch4,69.0,79.83333333333333,-10.833333333333329,watch1
1788168185529,watch1,80.0,75.36363636363636,4.63636363636364,watch1
1788168185529,watch2,69.0,74.66666666666667,-5.666666666666671,watch1
1788168185529,watch3,69.0,76.25,-7.25,watch1
1788168185529,watch4,69.0,79.83333333333333,-10.833333333333329,watch1
1788168186840,watch1,80.0,75.36363636363636,4.63636363636364,watch1
1788168186840,watch2,69.0,74.66666666666667,-5.666666666666671,watch1
1788168186840,watch3,69.0,76.25,-7.25,watch1
1788168186840,watch4,69.0,79.83333333333333,-10.833333333333329,watch1
1788168187844,watch1,75.0,75.36363636363636,-0.36363636363635976,watch1
1788168187844,watch2,70.0,74.66666666666667,-4.666666666666671,watch1
1788168187844,watch3,69.0,76.25,-7.25,watch1
1788168187844,watch4,70.0,79.83333333333333,-9.833333333333329,watch1
1788168188848,watch1,73.0,75.36363636363636,-2.3636363636363598,watch1
1788168188848,watch2,70.0,74.66666666666667,-4.666666666666671,watch1
1788168188848,watch3,68.0,76.25,-8.25,watch1
1788168188848,watch4,69.0,79.83333333333333,-10.833333333333329,watch1
1788168189860,watch1,73.0,75.36363636363636,-2.3636363636363598,watch1
1788168189860,watch2,70.0,74.66666666666667,-4.666666666666671,watch1
1788168189860,watch3,68.0,76.25,-8.25,watch1
1788168189860,watch4,69.0,79.83333333333333,-10.833333333333329,watch1
1788168190864,watch1,71.0,75.36363636363636,-4.36363636363636,watch1
1788168190864,watch2,70.0,74.66666666666667,-4.666666666666671,watch1
1788168190864,watch3,68.0,76.25,-8.25,watch1
1788168190864,watch4,69.0,79.83333333333333,-10.833333333333329,watch1
1788168191868,watch1,71.0,75.36363636363636,-4.36363636363636,watch1
1788168191868,watch2,70.0,74.66666666666667,-4.666666666666671,watch1
1788168191868,watch3,68.0,76.25,-8.25,watch1
1788168191868,watch4,69.0,79.83333333333333,-10.833333333333329,watch1
1788168192872,watch1,72.0,75.36363636363636,-3.3636363636363598,watch1
1788168192872,watch2,70.0,74.66666666666667,-4.666666666666671,watch1
1788168192872,watch3,69.0,76.25,-7.25,watch1
1788168192872,watch4,69.0,79.83333333333333,-10.833333333333329,watch1
1788168193875,watch1,72.0,75.36363636363636,-3.3636363636363598,watch1
1788168193875,watch2,69.0,74.66666666666667,-5.666666666666671,watch1
1788168193875,watch3,68.0,76.25,-8.25,watch1
1788168193875,watch4,69.0,79.83333333333333,-10.833333333333329,watch1
1788168195298,watch1,72.0,75.36363636363636,-3.3636363636363598,watch1
1788168195298,watch2,70.0,74.66666666666667,-4.666666666666671,watch1
1788168195298,watch3,68.0,76.25,-8.25,watch1
1788168195298,watch4,69.0,79.83333333333333,-10.833333333333329,watch1
1788168196306,watch1,72.0,75.36363636363636,-3.3636363636363598,watch1
1788168196306,watch2,69.0,74.66666666666667,-5.666666666666671,watch1
1788168196306,watch3,68.0,76.25,-8.25,watch1
1788168196306,watch4,69.0,79.83333333333333,-10.833333333333329,watch1
1788168197310,watch1,70.0,75.36363636363636,-5.36363636363636,watch1
1788168197310,watch2,70.0,74.66666666666667,-4.666666666666671,watch1
1788168197310,watch3,69.0,76.25,-7.25,watch1
1788168197310,watch4,70.0,79.83333333333333,-9.833333333333329,watch1
1788168198314,watch1,70.0,75.36363636363636,-5.36363636363636,watch1
1788168198314,watch2,70.0,74.66666666666667,-4.666666666666671,watch1
1788168198314,watch3,70.0,76.25,-6.25,watch1
1788168198314,watch4,70.0,79.83333333333333,-9.833333333333329,watch1
1788168199318,watch1,70.0,75.36363636363636,-5.36363636363636,watch1
1788168199318,watch2,70.0,74.66666666666667,-4.666666666666671,watch1
1788168199318,watch3,70.0,76.25,-6.25,watch1
1788168199318,watch4,70.0,79.83333333333333,-9.833333333333329,watch1
1788168200411,watch1,70.0,75.36363636363636,-5.36363636363636,watch1
1788168200411,watch2,70.0,74.66666666666667,-4.666666666666671,watch1
1788168200411,watch3,71.0,76.25,-5.25,watch1
1788168200411,watch4,71.0,79.83333333333333,-8.833333333333329,watch1
1788168201459,watch1,71.0,75.36363636363636,-4.36363636363636,watch1
1788168201459,watch2,71.0,74.66666666666667,-3.6666666666666714,watch1
1788168201459,watch3,71.0,76.25,-5.25,watch1
1788168201459,watch4,71.0,79.83333333333333,-8.833333333333329,watch1
1788168202525,watch1,71.0,75.36363636363636,-4.36363636363636,watch1
1788168202525,watch2,71.0,74.66666666666667,-3.6666666666666714,watch1
1788168202525,watch3,71.0,76.25,-5.25,watch1
1788168202525,watch4,73.0,79.83333333333333,-6.833333333333329,watch1
1788168203599,watch1,71.0,75.36363636363636,-4.36363636363636,watch1
1788168203599,watch2,71.0,74.66666666666667,-3.6666666666666714,watch1
1788168203599,watch3,71.0,76.25,-5.25,watch1
1788168203599,watch4,72.0,79.83333333333333,-7.833333333333329,watch1
1788168204604,watch1,71.0,75.36363636363636,-4.36363636363636,watch1
1788168204604,watch2,71.0,74.66666666666667,-3.6666666666666714,watch1
1788168204604,watch3,71.0,76.25,-5.25,watch1
1788168204604,watch4,72.0,79.83333333333333,-7.833333333333329,watch1
1788168205608,watch1,71.0,75.36363636363636,-4.36363636363636,watch1
1788168205608,watch2,71.0,74.66666666666667,-3.6666666666666714,watch1
1788168205608,watch3,71.0,76.25,-5.25,watch1
1788168205608,watch4,72.0,79.83333333333333,-7.833333333333329,watch1
1788168206683,watch1,71.0,75.36363636363636,-4.36363636363636,watch1
1788168206683,watch2,71.0,74.66666666666667,-3.6666666666666714,watch1
1788168206683,watch3,71.0,76.25,-5.25,watch1
1788168206683,watch4,71.0,79.83333333333333,-8.833333333333329,watch1
1788168207709,watch1,71.0,75.36363636363636,-4.36363636363636,watch1
1788168207709,watch2,71.0,74.66666666666667,-3.6666666666666714,watch1
1788168207709,watch3,71.0,76.25,-5.25,watch1
1788168207709,watch4,70.0,79.83333333333333,-9.833333333333329,watch1
1788168208716,watch1,71.0,75.36363636363636,-4.36363636363636,watch1
1788168208716,watch2,71.0,74.66666666666667,-3.6666666666666714,watch1
1788168208716,watch3,71.0,76.25,-5.25,watch1
1788168208716,watch4,70.0,79.83333333333333,-9.833333333333329,watch1
1788168209720,watch1,70.0,75.36363636363636,-5.36363636363636,watch1
1788168209720,watch2,71.0,74.66666666666667,-3.6666666666666714,watch1
1788168209720,watch3,71.0,76.25,-5.25,watch1
1788168209720,watch4,70.0,79.83333333333333,-9.833333333333329,watch1
1788168210746,watch1,70.0,75.36363636363636,-5.36363636363636,watch1
1788168210746,watch2,71.0,74.66666666666667,-3.6666666666666714,watch1
1788168210746,watch3,71.0,76.25,-5.25,watch1
1788168210746,watch4,69.0,79.83333333333333,-10.833333333333329,watch1
1788168211754,watch1,70.0,75.36363636363636,-5.36363636363636,watch1
1788168211754,watch2,71.0,74.66666666666667,-3.6666666666666714,watch1
1788168211754,watch3,71.0,76.25,-5.25,watch1
1788168211754,watch4,69.0,79.83333333333333,-10.833333333333329,watch1
1788168212766,watch1,70.0,75.36363636363636,-5.36363636363636,watch1
1788168212766,watch2,70.0,74.66666666666667,-4.666666666666671,watch1
1788168212766,watch3,71.0,76.25,-5.25,watch1
1788168212766,watch4,69.0,79.83333333333333,-10.833333333333329,watch1
1788168213771,watch1,69.0,75.36363636363636,-6.36363636363636,watch1
1788168213771,watch2,70.0,74.66666666666667,-4.666666666666671,watch1
1788168213771,watch3,70.0,76.25,-6.25,watch1
1788168213771,watch4,69.0,79.83333333333333,-10.833333333333329,watch1
1788168214775,watch1,69.0,75.36363636363636,-6.36363636363636,watch1
1788168214775,watch2,70.0,74.66666666666667,-4.666666666666671,watch1
1788168214775,watch3,70.0,76.25,-6.25,watch1
1788168214775,watch4,68.0,79.83333333333333,-11.833333333333329,watch1
1788168216026,watch1,69.0,75.36363636363636,-6.36363636363636,watch1
1788168216026,watch2,70.0,74.66666666666667,-4.666666666666671,watch1
1788168216026,watch3,69.0,76.25,-7.25,watch1
1788168216026,watch4,66.0,79.83333333333333,-13.833333333333329,watch1
1788168217041,watch1,68.0,75.36363636363636,-7.36363636363636,watch1
1788168217041,watch2,69.0,74.66666666666667,-5.666666666666671,watch1
1788168217041,watch3,68.0,76.25,-8.25,watch1
1788168217041,watch4,66.0,79.83333333333333,-13.833333333333329,watch1
1788168218132,watch1,68.0,75.36363636363636,-7.36363636363636,watch1
1788168218132,watch2,68.0,74.66666666666667,-6.666666666666671,watch1
1788168218132,watch3,67.0,76.25,-9.25,watch1
1788168218132,watch4,65.0,79.83333333333333,-14.833333333333329,watch1
1788168219146,watch1,68.0,75.36363636363636,-7.36363636363636,watch1
1788168219146,watch2,68.0,74.66666666666667,-6.666666666666671,watch1
1788168219146,watch3,67.0,76.25,-9.25,watch1
1788168219146,watch4,64.0,79.83333333333333,-15.833333333333329,watch1
1788168220180,watch1,67.0,75.36363636363636,-8.36363636363636,watch1
1788168220180,watch2,67.0,74.66666666666667,-7.666666666666671,watch1
1788168220180,watch3,67.0,76.25,-9.25,watch1
1788168220180,watch4,64.0,79.83333333333333,-15.833333333333329,watch1
1788168223409,watch1,67.0,75.36363636363636,-8.36363636363636,watch1
1788168223409,watch2,67.0,74.66666666666667,-7.666666666666671,watch1
1788168223409,watch3,66.0,76.25,-10.25,watch1
1788168223409,watch4,64.0,79.83333333333333,-15.833333333333329,watch1
1788168224830,watch1,65.0,75.36363636363636,-10.36363636363636,watch1
1788168224830,watch2,67.0,74.66666666666667,-7.666666666666671,watch1
1788168224830,watch3,64.0,76.25,-12.25,watch1
1788168224830,watch4,64.0,79.83333333333333,-15.833333333333329,watch1
1788168225882,watch1,66.0,75.36363636363636,-9.36363636363636,watch1
1788168225882,watch2,66.0,74.66666666666667,-8.666666666666671,watch1
1788168225882,watch3,65.0,76.25,-11.25,watch1
1788168225882,watch4,63.0,79.83333333333333,-16.83333333333333,watch1
1788168226899,watch1,66.0,75.36363636363636,-9.36363636363636,watch1
1788168226899,watch2,65.0,74.66666666666667,-9.666666666666671,watch1
1788168226899,watch3,64.0,76.25,-12.25,watch1
1788168226899,watch4,63.0,79.83333333333333,-16.83333333333333,watch1
1788168228042,watch1,66.0,75.36363636363636,-9.36363636363636,watch1
1788168228042,watch2,65.0,74.66666666666667,-9.666666666666671,watch1
1788168228042,watch3,64.0,76.25,-12.25,watch1
1788168228042,watch4,63.0,79.83333333333333,-16.83333333333333,watch1
1788168229108,watch1,66.0,75.36363636363636,-9.36363636363636,watch1
1788168229108,watch2,65.0,74.66666666666667,-9.666666666666671,watch1
1788168229108,watch3,65.0,76.25,-11.25,watch1
1788168229108,watch4,64.0,79.83333333333333,-15.833333333333329,watch1
1788168231901,watch1,66.0,75.36363636363636,-9.36363636363636,watch1
1788168231901,watch2,65.0,74.66666666666667,-9.666666666666671,watch1
1788168231901,watch3,64.0,76.25,-12.25,watch1
1788168231901,watch4,66.0,79.83333333333333,-13.833333333333329,watch1
1788168233206,watch1,64.0,75.36363636363636,-11.36363636363636,watch1
1788168233206,watch2,65.0,74.66666666666667,-9.666666666666671,watch1
1788168233206,watch3,64.0,76.25,-12.25,watch1
1788168233206,watch4,64.0,79.83333333333333,-15.833333333333329,watch1
1788168234238,watch1,64.0,75.36363636363636,-11.36363636363636,watch1
1788168234238,watch2,66.0,74.66666666666667,-8.666666666666671,watch1
1788168234238,watch3,64.0,76.25,-12.25,watch1
1788168234238,watch4,65.0,79.83333333333333,-14.833333333333329,watch1
1788168235245,watch1,64.0,75.36363636363636,-11.36363636363636,watch1
1788168235245,watch2,66.0,74.66666666666667,-8.666666666666671,watch1
1788168235245,watch3,64.0,76.25,-12.25,watch1
1788168235245,watch4,63.0,79.83333333333333,-16.83333333333333,watch1
1788168236249,watch1,64.0,75.36363636363636,-11.36363636363636,watch1
1788168236249,watch2,66.0,74.66666666666667,-8.666666666666671,watch1
1788168236249,watch3,64.0,76.25,-12.25,watch1
1788168236249,watch4,63.0,79.83333333333333,-16.83333333333333,watch1
